id-persona,nombre,primer_apellido,segundo_apellido,email
1,Brandon,Morales,Castro,Brandon.Morales@email.com
2,Kenia, García, Smith,Kenia. García@email.com
3,Sofia,Rodríguez, Johnson,Sofia.Rodríguez@email.com
4,Pablo, López, Williams,Pablo. López@email.com
5,Miguel, González, Jones,Miguel. González@email.com
6,Luis,Pérez, Brown,Luis.Pérez@email.com
7,Perla, Martínez, Davis,Perla. Martínez@email.com
8,Isaac,Sánchez, Miller,Isaac.Sánchez@email.com
9,Brayan, Flores, Wilson,brayan.flores@email.com
10,Eros,Hernández, Moore,Eros.Hernández@email.com
11,Fernando, Gómez, Taylor,Fernando. Gómez@email.com
12,Fernanda,Torres, Anderson,Fernanda.Torres@email.com
13,Pedro, Ramírez, Thomas,Pedro. Ramírez@email.com
14,Carmen, Vázquez, Jackson,Carmen. Vázquez@email.com
15,Luisa, Cruz, White,Luisa. Cruz@email.com
16,Jorge, Romero, Harris,Jorge. Romero@email.com
17,Daniela, Díaz, Martin,Daniela. Díaz@email.com
18,Dafne, Aguilar, Thompson,Dafne. Aguilar@email.com
19,Dannae,Reyes, Garcia,Dannae.Reyes@email.com
20,Dania, Ortiz, Martinez,Dania. Ortiz@email.com
21,Diana, Ramos, Robinson,Diana. Ramos@email.com
22,David, Mendoza, Clark,David. Mendoza@email.com
23,Kendra, Castro, Rodriguez,Kendra. Castro@email.com
24,Javier, Castillo, Lewis,Javier. Castillo@email.com
25,Axel,Velázquez, Lee,Axel.Velázquez@email.com
26,Alejandro, Valencia, Walker,Alejandro. Valencia@email.com
27,Armenio, Jiménez, Hall,Armenio. Jiménez@email.com
28,Arturo, Muñoz, Allen,Arturo. Muñoz@email.com
29,Agustin, Espinoza, Young,Agustin. Espinoza@email.com
30,Angel, Rivera, King,Angel. Rivera@email.com
31,Aldair,Rosales, Wright,Aldair.Rosales@email.com
32,Armando, Gonzales, Scott,Armando. Gonzales@email.com
33,Arturo,Fernández, Green,Arturo.Fernández@email.com
34,Brallan, Núñez, Baker,Brallan. Núñez@email.com
35,Belinda,Chávez, Nelson,Belinda.Chávez@email.com
36,Melvin, Medina, Carter,Melvin. Medina@email.com
37,Melbi, Acosta, Mitchell,Melbi. Acosta@email.com
38,Daniel, Ríos, Perez,Daniel. Ríos@email.com
39,Darwin, Molina, Roberts,Darwin. Molina@email.com
40,Carolina, Ruiz, Turner,Carolina. Ruiz@email.com
41,Gustavo, Sosa, Phillips,Gustavo. Sosa@email.com
42,Gustabo, Suárez, Campbell,Gustabo. Suárez@email.com
43,Irving, Morales, Parker,Irving. Morales@email.com
44,Isabel,Cortés, Evans,Isabel.Cortés@email.com
45,Ignacia, Herrera, Edwards,Ignacia. Herrera@email.com
46,Ignacio ,Flores, Collins,Ignacio .Flores@email.com
47,Naidelin, Zavala, Stewart,Naidelin. Zavala@email.com
48,Natalia, Duarte, Sanchez,Natalia. Duarte@email.com
49,Nanci, Espinosa, Morris,Nanci. Espinosa@email.com
50,Naomi,Ibarra, Rogers,Naomi.Ibarra@email.com
51,Noemi, Flores, Reed,Noemi. Flores@email.com
52,Oscar, León, Cook,Oscar. León@email.com
53,Adriana, Galván, Bailey,Adriana. Galván@email.com
54,Leidy, Carmona, Rivera,Leidy. Carmona@email.com
55,Guisell, Cárdenas, Cooper,Guisell. Cárdenas@email.com
56,German, Villegas, Cox,German. Villegas@email.com
57,Octavio, Luna, Ramirez,Octavio. Luna@email.com
58,Omar, Mata, Peterson,Omar. Mata@email.com
59,Ismael, Cervantes, Gray,Ismael. Cervantes@email.com
60,Belen, Rojas, James,Belen. Rojas@email.com
61,Belem, Aguayo, Watson,Belem. Aguayo@email.com
62, Sofia, Soria, Brooks, Sofia. Soria@email.com
63, Emma, Benítez, Kelly, Emma. Benítez@email.com
64, Isabella, Salazar, Sanders, Isabella. Salazar@email.com
65, Mia, Fuentes, Price, Mia. Fuentes@email.com
66, Ava, Navarro, Bennett, Ava. Navarro@email.com
67, Amelia, Delgado, Wood, Amelia. Delgado@email.com
68, Charlotte, Carreón, Barnes, Charlotte. Carreón@email.com
69, Harper, Mora, Ross, Harper. Mora@email.com
70, Aria, Padilla, Henderson, Aria. Padilla@email.com
71, Scarlett, Rangel, Coleman, Scarlett. Rangel@email.com
72, Luna, Montes, Jenkins, Luna. Montes@email.com
73, Camila, Alvarado, Perry, Camila. Alvarado@email.com
74, Chloe, Aguilar, Powell, Chloe. Aguilar@email.com
75, Madison, Estrada, Long, Madison. Estrada@email.com
76, Abigail, Contreras, Flores, Abigail. Contreras@email.com
77, Emily, Mercado, Washington, Emily. Mercado@email.com
78, Elizabeth, Lugo, Butler, Elizabeth. Lugo@email.com
79, Victoria, Robles, Simmons, Victoria. Robles@email.com
80, Grace, Quintana, Foster, Grace. Quintana@email.com
81, Avery, Arellano, Gonzales, Avery. Arellano@email.com
82, Ella, Valdés, Bryant, Ella. Valdés@email.com
83, Zoey, Almonte, Alexander, Zoey. Almonte@email.com
84, Mila, Almonte, Russell, Mila. Almonte@email.com
85, Penelope,Villarreal, Griffin, Penelope.Villarreal@email.com
86, Evelyn, Pacheco, Diaz, Evelyn. Pacheco@email.com
87, Layla, Monroy, Hayes, Layla. Monroy@email.com
88, Riley, Blanco, Myers, Riley. Blanco@email.com
89, Aaliyah, Pineda, Ford, Aaliyah. Pineda@email.com
90, Adeline, Barrera, Hamilton, Adeline. Barrera@email.com
91, Audrey, Palacios, Graham, Audrey. Palacios@email.com
92, Brooklyn, García, Sullivan, Brooklyn. García@email.com
93, Ellie, Munguía, Wallace, Ellie. Munguía@email.com
94, Hailey, Villalobos, Woods, Hailey. Villalobos@email.com
95, Leah, Vega, Cole, Leah. Vega@email.com
96, Maya, Cisneros, West, Maya. Cisneros@email.com
97, Nevaeh, Camacho, Jordan, Nevaeh. Camacho@email.com
98, Samantha, Amador, Owens, Samantha. Amador@email.com
99, Stella, Pantoja, Reynolds, Stella. Pantoja@email.com
100, Aurora, Olivares,Lira, Aurora. Olivares@email.com
